RT @RoseVPLB: Michel Temer decide EXTRADITAR o terrorista comunista Cesare Battisti, condenado por assassinato na ItÃ¡lia. https://t.co/G7GJâ€¦;0.0
Ah, cÃª jura?? https://t.co/fzwfJm57oj;0
DÃ¡ pra perceber que o Brasil nÃ£o avanÃ§a, quando ainda tem gente que apoia o @ptbrasil e o @LulapeloBrasil;0.0
@Enquette_ @Ernesto41161071 a favor, essa rede desgraÃ§a globo esta destruindo o Brasil ha decadas...;-0.2
RT @maepatriota: Bolsonaro jÃ¡ declarou q vai se aproximar dos EUA e Israel e, certamente, serÃ¡ + um pra fortalecer a guerra antiglobâ€¦ ;0.125
"RT @BrasilGameShow: Ã‰ AGORA!
@HIDEO_KOJIMA_EN deixarÃ¡ sua marca no Wall of Fame da Brasil Game Show! Ã‰ lÃ¡ no palco principal! https://t.co/â€¦";-0.14583333333333334
RT @TAETAEGlRL: [!!!!!] k-armys pediram um mutirÃ£o em massa pra votar no mwave AGORA, comeÃ§ou Ã s 14h e vai atÃ© as 16h no brasil, poâ€¦ ;-1.0
amor da minha vida bicho https://t.co/XeT5yggWOh;0.5
RT @jornalodia: Moro dÃ¡ 48 horas a Lula para entregar originais dos recibos de aluguel https://t.co/jzZwWn4MDA via @jornalodia;0.375
RT @BTS_BR: âš ï¸ ARMYs, estamos em campanha de votaÃ§Ã£o em massa mundialmente para o MWave! O Brasil ficou de 16h Ã s 20h, preparemâ€¦ ;0.0
RT @deferiascomexbr: HÃ¡ um ano atrÃ¡s comeÃ§ava o De FÃ©rias Com O Ex Brasil... atÃ© que bateu saudade desse povo louco!! ğŸ”ªğŸ’”ğŸŒ´ #ExNaMTV https://â€¦;-0.9375
"RT @PatoCorporation: Brasil Lavajato ficou assim: Se o ""gestor"" pÃºblico anunciar privatizaÃ§Ã£o nÃ£o tem TCU, MPF, PF p investigar. Pode fazerâ€¦";0.0
ğŸ˜ğŸ˜ğŸ˜ğŸ˜¤ğŸ˜ ğŸ˜¬   vergonha eu diriaaa. Esse cara numa emissora e nao  prega e usa  um decimo do que fala https://t.co/wYoLDuNQhJ;0.0
"RT @slowtaehyung: GENTE
Fanbases vÃ£o fazer multirÃ£o mundial 
O brasil ficou no horÃ¡rio de 16hs da tarde Ã s 20hs da noite
ESPALHEM ISSO VAMOâ€¦";-0.1
RT @jeonkcc: Foco no horÃ¡rio do Brasil! https://t.co/GJDHCc1a0c;0.0
@ArrowBrasil Cara pf...posta coisas desse tipo quando lanÃ§ar aki no Brasil...pq eu acabei de receber SPOILERğŸ˜”;0.0
"RT @rehventura: ""Lula e Dilma destruÃ­ram o Brasil"" diz Doria na ItÃ¡lia, paÃ­s q adotou o Bolsa FamÃ­lia e convidou Lula p/falar sobre combateâ€¦";0.0
Hoje e amanhÃ£ teremos a cobertura do @oficialamauryjr do Ãºltimo jogo entre o Brasil e o Chileâ€¦ https://t.co/P8pu0ANram;0.0
"RT @cryanahi: o alfonso com a bandeira do brasil eu to triste  
 https://t.co/HNA8XsVaqA";-0.5
RT @BrGil39: TEMER SE ARTICULA: Planalto ArregaÃ§a Mangas E Parte Para Salvar O Senador AÃ©cio! https://t.co/nlE7DHLC0r;0.0
Ã‰ MUITA DIVA POP â¤ï¸â¤ï¸â¤ï¸â¤ï¸ https://t.co/j3hZoBfhoT;0
RT @MardsonF: @bandjogoaberto Quem Ã© Carille? baba ovo dos gambÃ¡s tÃ©cnico fraco perdeu trÃªs seguida jÃ¡ cair Cuca melhor treinador do Brasilâ€¦;0.3125
o Brasil estarÃ¡ com uma dÃ­vida quase impagÃ¡vel, teremos os mesmos bandidos no poder e as polÃ­ticas pÃºblicas e bensâ€¦ https://t.co/oHqasNCu46;0.3333333333333333
"RT @rayanecpp: ğŸš¨ğŸš¨ğŸš¨ATENÃ‡ÃƒO ğŸš¨ğŸš¨ğŸš¨

AS FANBASES VÃƒO FAZER MUTIRÃƒO MUNDIAL E DIVIDIRAM POR REGIÃƒO

O BRASIL FICOU COM O HORÃRIO DE 16H Aâ€¦ ";0.0
RT @SmNutella: Jesus Cristo Katy deve anunciar a Tour no Brasil em novembro eu tÃ´ passando mal AAAAAAAH https://t.co/BxNSBRuwtt;-0.2916666666666667
"RT @pablovillaca: O autor do Tweet abaixo foi recebido pelo ""ministro da educaÃ§Ã£o"" pra palpitar sobre ensino no Brasil. https://t.co/Ah3wwoâ€¦";0.0
RT @ReginaldoLopes: Isso que me motivou p/ a polÃ­tica.O Brasil ter voltado ao mapa da fome Ã© um retrocesso gigantesco a esse objetivo que tâ€¦;0.0
#Palmeiras demite Cuca apÃ³s tropeÃ§o contra o #Bahia | Jornal do Brasil https://t.co/jTVKV918Q8;0.0
RT @BotafogoOficial: Saiu do Paraguai, veio para o Brasil e no mesmo dia foi a campo na vitÃ³ria do BOTAFOGO por 2 a 1 sobre a Chapecoensâ€¦ ;0.0
"RT @lemonadie: GENTE PRESTA ATENÃ‡ÃƒO AQUI
ğŸš¨ğŸš¨ğŸš¨ğŸš¨ğŸš¨ğŸš¨ğŸš¨ğŸš¨ğŸš¨
AS FANBASES VÃƒO FAZER MUTIRÃƒO MUNDIAL E DIVIDIRAM POR REGIÃƒO

O BRASIL FICOU COâ€¦ ";0.0
"RT @Humor_KARD: Espero por esse 'MV', com imagens do Brasil atÃ© hoje!!! :"") https://t.co/hg3PmdmgMw";0.0
RT @altdosfamosos: @SiteAnittaBRA Que hinoooooooooo, bem farofa, bem chiclete, bem eletrÃ´nica, bem brasil, bem anitta https://t.co/HOZl1Fp3â€¦;0.0
RT @RenovaMidia: #BRASIL: DEM desiste da candidatura de JoÃ£o Doria e se prepara para lanÃ§ar Luciano Huck candidatoâ€¦ ;0.0
RT @EsportesGZH: Gre-Nal Ã© o maior clÃ¡ssico do Brasil, aponta ranking de jornal inglÃªs https://t.co/tXvAsera0g https://t.co/YZG5ZLarbP;0.08333333333333333
I'm at Banrisul in CamaquÃ£, RS/Brasil https://t.co/TL0hfTa7b0;0.0
RT @xicosa: Militar que matar em operaÃ§Ãµes como a do Rio serÃ¡ julgado p/corte militar, e nÃ£o pela JustiÃ§a  https://t.co/qckBj7ZF46 via @elpâ€¦;-0.25
Nossa acho que o Brasil realmente deu errado a polÃ­tica Ã© uma merda um calor do inferno etc;-0.19999999999999998
@bfbs Brasil.Estou ouvindo a rÃ¡dio Bfbs.Em minha casa, via https://t.co/vIzthBaf37 6 digital.AbÃ§s. https://t.co/kVAQyuvfzg;0.0
RT @JornalismoWando: Bolsominion fez juramento Ã  bandeira americana, bateu continÃªncia pros yankees, mas tÃ¡ sendo tratado como um ditadoâ€¦ ;0.0
@katxpurry omg achava que so a china era fora do globo mas ja que o brasil Ã© tbm o 1kk Ã© real katyyyyyyy;0.1
VÃ­deo dos juÃ­zes federais Ã© uma ode ao fascismo! https://t.co/WXLZDhgZlO via @ConversaAfiada;0.0
RT @inst_lula: RelatÃ³rio da ONU pede continuidade de combate Ã  fome no Brasil https://t.co/ARr1vHmo9g;0.0
"RT @Ana59005790: Aquele ""MV"" que vc se iludiu achando que ia ser no Brasil kkkkkk....cada k Ã© uma lÃ¡grima ğŸ˜‚ğŸ˜¥ https://t.co/XZOJKPnaSA";0.0
Sexta-feira de feriado prolongado e a avenida Brasil engarrafada. Que pista escrota;0.0
"RT @jairbolsonaro: DOUTRINADOS NO BRASIL ğŸ’™ CORÃ‰IA DO NORTE! Ã‰ muito amor! ""Bolsonaro ditador""! Temos que mudar os rumos da educaÃ§Ã£o noâ€¦ ";0.78125
@gutonejaim GUTO vc gostaria de transmitir Isle of Man TT pra nos aqui do Brasil seria Ã³timo. pois falta mais transâ€¦ https://t.co/yBLtZFypLI;0.65
RT @D_Bruno: pessoal falando sÃ©rio agora vcs acha MESMO que o brasil tem alguma chance de ser algo alÃ©m de uma potÃªncia de memes;-0.3333333333333333
ParabÃ©ns, de novo, pelo Brasil Paralelo, @r_nog!;0.0
RT @comentv: Vai ter turnÃª do Rouge pelo Brasil e gravaÃ§Ã£o de CD. O Vale estÃ¡ em colapso! 2018 melhor ano! Pode entrar, GeraÃ§Ã£oâ€¦ ;1.0
RT @wanmarcal: O grande problema de vocÃª comeÃ§ar a discutir taxaÃ§Ã£o de rico no Brasil Ã© que boa parte da classe mÃ©dia tradicionalâ€¦ ;0.05
Caralho! Hahahahahahaha as aÃ§Ãµes da Magazine Luiza e da B2W caÃ­ram 10% com o rumor da Amazon comeÃ§ando a vender eletrÃ´nicos no Brasil, pqp!;-0.625
"RT @rehventura: ""Lula e Dilma destruÃ­ram o Brasil"" diz Doria na ItÃ¡lia, paÃ­s q adotou o Bolsa FamÃ­lia e convidou Lula p/falar sobre combateâ€¦";0.0
RT @PalmeirasLiderr: Cuca taticamente eh o melhor tÃ©cnico disparado do Brasil #resenhaespn;0.0
Devolve o Brasil pros Ã­ndios e pedem desculpas pq ta foda https://t.co/5xlSlv2zdw;0.0
RT @BernardoMF: RelatÃ³rio prÃ³-Temer sugere que o Brasil era melhor quando os polÃ­ticos sob suspeita nÃ£o podiam ser investigados https://t.câ€¦;0.5
@katyperry QUE SUSTO PORRA achei que era um tweet pro brasil https://t.co/1EbsamDTEb;-0.4
RT @PlanetBlessed: Marcos Ã© mau exemplo para o Brasil, mas um Ã³timo entretenimento https://t.co/LkeG0roZrr via @UOLEntrete @UOL;0.0500000000000001
RT @BillboardBrasil: ConheÃ§a @auroramusic, a norueguesa que esgotou ingressos no Brasil https://t.co/bjEvxymAxj https://t.co/A4AQKlpzqV;0.0
"RT @forumpandlr: Katy Perry deve anunciar os shows da ""Witness Tour"" no Brasil em Novembro https://t.co/11MFu56lh0 https://t.co/XkwazpGgwp";0.0
A esquerda caviar de Os dias eram assim querem ficar longe do tumulto do Brasil mas nÃ£o Ã© em Cuba e nem na VenezuelağŸ¤”https://t.co/fG6IjGaALd;0.0
RT @Privatizadora: O Brasil na pior crise econÃ´mica da histÃ³ria causado por uma quadrilha e a #VejaLixo sÃ³ pensa em avanÃ§ar a agenda esquerâ€¦;-0.2
"RT @rehventura: ""Lula e Dilma destruÃ­ram o Brasil"" diz Doria na ItÃ¡lia, paÃ­s q adotou o Bolsa FamÃ­lia e convidou Lula p/falar sobre combateâ€¦";0.0
"RT @SakaSakamori: Brasil entrou na ciranda dos agiotas! NÃ£o tem saÃ­da!https://t.co/uhFwbhTlLO";0.0
RT @LuizaCunha14: Menino mais sexy do Brasil https://t.co/nO6V7gthUy;0.0
"GENTE PRESTA ATENÃ‡ÃƒO AQUI
ğŸš¨ğŸš¨ğŸš¨ğŸš¨ğŸš¨ğŸš¨ğŸš¨ğŸš¨ğŸš¨
AS FANBASES VÃƒO FAZER MUTIRÃƒO MUNDIAL E DIVIDIRAM POR REGIÃƒO

O BRASIL FICOU COâ€¦ https://t.co/Y0ghXdayYr";0.0
"Ã‰ preciso ser ""muito mulher"" pra segurar um corpÃ£o, ainda mais no Brasil. SÃ³ digo isso.";0.2333333333333333
Assista â€œPrograma Conjuntura Brasil - Problemas Urbanosâ€, HistÃ³ria EconÃ´mica Brasileira https://t.co/LPOwCV2ubu;0.1
@Absyrtus @xicosa Para o Brasil. O resto do grupo, que ainda estÃ¡ no poder, poderia seguir o mesmo caminho.SÃ£o todoâ€¦ https://t.co/N7QInOX7O2;0.0
@FOXSportsArg @MktRegistrado Brasil va a ganar;0.8
RT @crtvg: Minervigo Ã© unha exposiciÃ³n na que atopar ovos de dinosaurio, meteoritos e ata un tiburÃ³n fosilizado. Ademais de poâ€¦ ;0.0
Como as pessoas conseguem odiar ou criticar essa atitude tÃ£o linda... A IgnorÃ¢ncia estÃ¡ tomando conta do Brasil queâ€¦ https://t.co/XgM9UjfO9C;0.016666666666666646
Minha playlist de verao tem korea, eua, argentina e brasil amando muito;0.6
RT @emyissotbmpassa: PÃ©ssimo exemplo, e qndo o reality acabar ele fica com a fama q ele sonhava mas d mal exemplo! Logo ele q se qualifiâ€¦ ;-0.7874999999999999
Sem saber lidar q Adore ta no Brasil e eu nÃ£o vou no show dela. AhhğŸ˜«â£ï¸ https://t.co/jfQ8ZvyJZn;0.0
"RT @rehventura: ""Lula e Dilma destruÃ­ram o Brasil"" diz Doria na ItÃ¡lia, paÃ­s q adotou o Bolsa FamÃ­lia e convidou Lula p/falar sobre combateâ€¦";0.0
"RT @lemonadie: GENTE PRESTA ATENÃ‡ÃƒO AQUI
ğŸš¨ğŸš¨ğŸš¨ğŸš¨ğŸš¨ğŸš¨ğŸš¨ğŸš¨ğŸš¨
AS FANBASES VÃƒO FAZER MUTIRÃƒO MUNDIAL E DIVIDIRAM POR REGIÃƒO

O BRASIL FICOU COâ€¦ ";0.0
RT @JornalGGN: O Direito no Brasil por seus predadores, por Lenio Luiz Streck https://t.co/s8iN7LymRx https://t.co/AOcQpyGJaZ;0.0
Concentrado. em Brasil Game Show Expor Center Norte https://t.co/gf8wgkW25y;-0.25
RT @wildestew: o app vai ficar disponÃ­vel em Portugal primeiro q no Brasil JA ROUBARAM O OURO VAO ROUBAR USERS TBM;0.325
"RT @grantdaddwrio: &gt; camila morou um ano no brasil";0.0
"RT @slowtaehyung: GENTE
Fanbases vÃ£o fazer multirÃ£o mundial 
O brasil ficou no horÃ¡rio de 16hs da tarde Ã s 20hs da noite
ESPALHEM ISSO VAMOâ€¦";-0.1
A defesa do Lula Ã© circense. Sempre Ã  procura de um circo. Querem palhaÃ§ada. https://t.co/BmmN4ZpNiX;0.0
Meus seguidores sÃ£o de Brasil(58%),EUA(33%),Ãndia(3%) https://t.co/3GGBS1xtug https://t.co/GmUNBajdpM;0.0
"RT @Leitte2ts: iTunes Brasil: Baldin de Gelo - #26
QUE FENIX MEUS AMIGOS, QUE FENIX!!!";0.0
RT @BotafogoOficial: Saiu do Paraguai, veio para o Brasil e no mesmo dia foi a campo na vitÃ³ria do BOTAFOGO por 2 a 1 sobre a Chapecoensâ€¦ ;0.0
RT @5HBrasil: Obrigado por serem quem vocÃªs sÃ£o. NÃ£o poderÃ­amos estar mais felizes e realizados com essa passagem pelo Brasil. Obâ€¦ ;0.0
"RT @slowtaehyung: GENTE
Fanbases vÃ£o fazer multirÃ£o mundial 
O brasil ficou no horÃ¡rio de 16hs da tarde Ã s 20hs da noite
ESPALHEM ISSO VAMOâ€¦";-0.1
RT @OlivettiFelipe: @CunhaYago96 @BlogOlhoNaMira @jairbolsonaro estÃ¡ dando mais poder aos agiotas que tem o maior lucro do mundo no Braâ€¦ ;0.5
"RT @paulocnf: Quem foi mais importante para a educaÃ§Ã£o infantil no Brasil?
RT: Havaianas
Fav: Paulo Freire https://t.co/xfvGtwrplB";0.45
"RT @ottoni3101: Como se recebe um polÃ­tico acusado de corrupÃ§Ã£o.
O Brasil vencerÃ¡ a quadrilha! https://t.co/TWjOmQAf2b";1.0
RT @wanmarcal: O grande problema de vocÃª comeÃ§ar a discutir taxaÃ§Ã£o de rico no Brasil Ã© que boa parte da classe mÃ©dia tradicionalâ€¦ ;0.05
RT @NandaTalitinha: Marcos Ã© mau exemplo para o Brasil, mas um Ã³timo entretenimento https://t.co/7JrSpxltAz via @UOLEntrete @UOL;0.0500000000000001
"RT @PolitzOficial: O Brasil apoia toda luta contra organizaÃ§Ãµes globalista de esquerda.

Ajudem a subir vocÃªs tambÃ©m, por um #BrasilSemUNESâ€¦";-0.05
"RT @pinochetdachina: Ã‰ por isso que eles defendem tanto a â€œ arteâ€!!ğŸ˜¡
Fim da lei Rouanet!!ğŸ‘ğŸ»ğŸ‘ğŸ»ğŸ‘ğŸ»ğŸ‘ğŸ»ğŸ‘ğŸ»
Reage Brasil 
#somostodosdonareginaâ€¦ ";0.0
"RT @grantdaddwrio: &gt; enquanto ela morava no brasil ela assistiu a novela chocolate com pimenta";0.0
Meus seguidores sÃ£o de Brasil(60%),EUA(13%),CorÃ©ia do Sul(11%) https://t.co/GMNXH0Mvqi https://t.co/yIbUWEUOZ1;0.0
resultado da educaÃ§Ã£o do nosso brasil que cria um povo ignorante e burro ğŸ¤·ğŸ»â€â™€ï¸;-0.7999999999999999
"RT @GarotaDeDireita: HAHAHA PASSOU MICO DUAS VEZES! 

NÃ£o adianta, o Brasil Ã© conservador...

#VejaLixo lixo lixo lixo lixo .... https://t.â€¦";0.25
@Biel vem pro brasil logo;0.0
"RT @CookieDoKooK_: GENTE PRESTA ATENÃ‡ÃƒO AQUI
ğŸš¨ğŸš¨ğŸš¨ğŸš¨ğŸš¨ğŸš¨ğŸš¨ğŸš¨ğŸš¨
AS FANBASES VÃƒO FAZER MUTIRÃƒO MUNDIAL E DIVIDIRAM POR REGIÃƒO

O BRASIL FICOU COâ€¦ ";0.0
RT @blogdojefferson: Pesquisa divulgada hoje afirma que o partido mais corrupto do Brasil Ã© o PT, de acordo com 87% dos eleitores. AlguÃ©m tâ€¦;0.0
RT @wanmarcal: O grande problema de vocÃª comeÃ§ar a discutir taxaÃ§Ã£o de rico no Brasil Ã© que boa parte da classe mÃ©dia tradicionalâ€¦ ;0.05
"RT @lemonadie: GENTE PRESTA ATENÃ‡ÃƒO AQUI
ğŸš¨ğŸš¨ğŸš¨ğŸš¨ğŸš¨ğŸš¨ğŸš¨ğŸš¨ğŸš¨
AS FANBASES VÃƒO FAZER MUTIRÃƒO MUNDIAL E DIVIDIRAM POR REGIÃƒO

O BRASIL FICOU COâ€¦ ";0.0
RT @wanmarcal: O grande problema de vocÃª comeÃ§ar a discutir taxaÃ§Ã£o de rico no Brasil Ã© que boa parte da classe mÃ©dia tradicionalâ€¦ ;0.05
ParabÃ©ns Minerato vocÃª abraÃ§ou um agressor, que te expÃ´s pro Brasil inteiro...INTEIROOOO #AFazenda https://t.co/oarcJoNoow;0.2
RT @wanmarcal: O grande problema de vocÃª comeÃ§ar a discutir taxaÃ§Ã£o de rico no Brasil Ã© que boa parte da classe mÃ©dia tradicionalâ€¦ ;0.05
Congresso nacional e STF a vergonha Mundial do Brasil . https://t.co/Vco2SmugMG;0.0
"RT @slowtaehyung: GENTE
Fanbases vÃ£o fazer multirÃ£o mundial 
O brasil ficou no horÃ¡rio de 16hs da tarde Ã s 20hs da noite
ESPALHEM ISSO VAMOâ€¦";-0.1
RT @TAETAEGlRL: [!!!!!] k-armys pediram um mutirÃ£o em massa pra votar no mwave AGORA, comeÃ§ou Ã s 14h e vai atÃ© as 16h no brasil, poâ€¦ ;-1.0
"RT @Angelo_santos_1: VOCÃŠ TEM SISTEMA PARA VISUALIZAR PENDÃŠNCIAS CADASTRAIS EM CPF E CNPJ? TESTE GRÃTIS
https://t.co/Xcy8HPEzzK
#Brasilâ€¦ ";0.4
RT @rrn_oficial: @_FlaDaDepressao @FlaManguaca @ubzoficial @ImperioRubroNeg NÃ£o sÃ³ do RJ como em qualquer uma do Brasil;0.0
@perrydelgay @katyperry e jÃ¡ tem datas pra 2018 quase toda nÃ© entÃ£o witness tour brasil agora nÃ£o;0.0
Os trÃªs shoujo que eu trouxe eu nem sequer sabia que tinha sido trazidos para o Brasil (Sim eu nÃ£o sabia que tinha Kaichou Wa Maid-sama);0.0
"RT @ConversaAfiada: Nem os cachorros do Doria vÃ£o comer essa raÃ§Ã£o
- Dono de canil

Entenda: https://t.co/U3qD27drET https://t.co/7YExg4TSWF";-0.25
RT @jornalodia: Prefeito polemiza ao criticar matÃ©ria do 'FantÃ¡stico': 'estÃ­mulo a viadagem' https://t.co/FdtwupkWII via @jornalodia;0.0
lembro quando disse q nao podia pegar cachorra fÃªmea e minha amiga disse que o Brasil nao ia para frente por isso;0.0
RT @MidiaNINJA: VAMOS FALAR DO BRASIL? Enquanto a crise econÃ´mica, corrupÃ§Ã£o e retrocessos pipocam por todos os lados, MBL gasta teâ€¦ ;0.2
Dupla que deu certo https://t.co/6l8iwvkeG1;0.0
"RT @lemonadie: GENTE PRESTA ATENÃ‡ÃƒO AQUI
ğŸš¨ğŸš¨ğŸš¨ğŸš¨ğŸš¨ğŸš¨ğŸš¨ğŸš¨ğŸš¨
AS FANBASES VÃƒO FAZER MUTIRÃƒO MUNDIAL E DIVIDIRAM POR REGIÃƒO

O BRASIL FICOU COâ€¦ ";0.0
RT @Professorzao: O presidente que Ã© a cara do Brasil: desonesto e semi analfabeto https://t.co/MvQfCTR7OH;-0.3
OMG! O #TheSwiftLife comeÃ§ou a ficar disponÃ­vel em alguns paÃ­ses! Tomara que seja liberado para o Brasil logo.;0.5
"RT @iFutebolCampeao: FIM DE JOGO!

ğŸ‡§ğŸ‡· Brasil 2 x 0 NÃ­ger ğŸ‡³ğŸ‡ª

ğŸ† Copa do Mundo Sub-17 - 3Âª rodada https://t.co/ORqr4YpHtt";-0.35
@ursopearl o amas Ã© dia 19 amore, no brasil ela vem e passa 2 dias;0.0
RT @brasil247: Uma mÃ£o lava a outra e Temer socorre AÃ©cio | Brasil 24/7 https://t.co/uIpREBOXTv via @brasil247;-0.2125
"RT @5SOSBrazil: HÃ¡ um mÃªs atrÃ¡s acontecia o primeiro show do 5 Seconds Of Summer no Brasil. 

FÃ£s que estavam em Porto Alegre, comoâ€¦ ";0.25
RT @hoseokway: bts deixando mensagens subliminares pro Brasil https://t.co/DnphazJvtq;0.0
SÃ³ trabalhamos com verdades: https://t.co/fxponpFGw0;0.0
RT @PalmeirasLiderr: Cuca taticamente eh o melhor tÃ©cnico disparado do Brasil #resenhaespn;0.0
RT @MateusBacamarti: Ã‰ comboio de traficantes, fuga na Brasil o mn no p.u tem mais de 100 fuzil ...ğŸ¶;0.5
"""Adriano diz ter aprendido a simples liÃ§Ã£o com o pai, de que 'o mal nÃ£o se trata com o mal, se trata com o bem'."" https://t.co/Uqk1E6CLZS";-0.325
RT @brnotgomes: E tem gente que ainda vai votar no Huck kkkkkkk, Brasil Ã© uma piada mesmo https://t.co/n6h28jFwNh;0.0
RT @Rembodinho: Brasil Ã© o paÃ­s onde as crianÃ§as morrem nas ruas, mas as pessoas se preocupam com as que estÃ£o dentro de museus.;0.0
"RT @Patpernambucana: TEVE O PROCESSO  ARQUIVADO, 
BRASIL, PAÃS  ONDE  O CERTO Ã‰ O ERRADO! https://t.co/Uz1mKfxClF";-0.16964285714285715
"RT @paulocnf: Quem foi mais importante para a educaÃ§Ã£o infantil no Brasil?
RT: Havaianas
Fav: Paulo Freire https://t.co/xfvGtwrplB";0.45
RT @gugachacra: Escrevi aqui outro dia e quase me mataram https://t.co/YMLq5zitxM;-0.2
RT @BotafogoOficial: Saiu do Paraguai, veio para o Brasil e no mesmo dia foi a campo na vitÃ³ria do BOTAFOGO por 2 a 1 sobre a Chapecoensâ€¦ ;0.0
UM SONHO DE OURO - Documentario Brasil Medalha de Ouro no Futebol https://t.co/Md8S2cB7Dl https://t.co/qycNbVjBYc;0.0
@misguidedLight confirmado prÃ³ximo jogo de Kojima serÃ¡ o farming simulator brasil;0.0
Rindo muito! https://t.co/vguriRsH58;0.0
@OliveirJoy @conexaopolitica Mas a minoria LGBT no Brasil tem mais vez e voz na imprensa e por vezes na politica doâ€¦ https://t.co/XZVksKsJt8;0.5
RT @badjeon: jeon jiwoo eh a mulher mais linda que eu ja vi na vida e eu nunca vou ser capaz de parar de dizer isso nunca nesseâ€¦ ;0.6166666666666667
Ultra Brasil @nickyromero #hrodrickmalakay #rioinvibe #photography #florianopolis #brasilâ€¦ https://t.co/TjGMeonayH;0
"RT @CookieDoKooK_: GENTE PRESTA ATENÃ‡ÃƒO AQUI
ğŸš¨ğŸš¨ğŸš¨ğŸš¨ğŸš¨ğŸš¨ğŸš¨ğŸš¨ğŸš¨
AS FANBASES VÃƒO FAZER MUTIRÃƒO MUNDIAL E DIVIDIRAM POR REGIÃƒO

O BRASIL FICOU COâ€¦ ";0.0
"RT @OlivettiFelipe: Bolsonaro Jr. defende agenda globalista p/ o Brasil abertamente e a turma ""anti-politicamente correta"" toda se calaâ€¦ ";0.0
PM acha corpos de 2 meninas em favela https://t.co/39Q9HNLWjl;0.0
Marina ruy Barbosa Ã© a mulher mais linda desse Brasil;0.675
@jornalodia No Brasil Ã± se tem evoluÃ§Ã£o e sequÃªncia, jogadores sacaneam e os dirigentes caem na armadilha. Q paga oâ€¦ https://t.co/93LVkVrk7F;0.0
hospedagem  site em BH criacao  sites  31 3773-8771 Hot sites Brasil  https://t.co/76qtUYdCPB  WBH077007 https://t.co/w54WzLn0mB;0.25
"RT @lemonadie: GENTE PRESTA ATENÃ‡ÃƒO AQUI
ğŸš¨ğŸš¨ğŸš¨ğŸš¨ğŸš¨ğŸš¨ğŸš¨ğŸš¨ğŸš¨
AS FANBASES VÃƒO FAZER MUTIRÃƒO MUNDIAL E DIVIDIRAM POR REGIÃƒO

O BRASIL FICOU COâ€¦ ";0.0
RT @BolsonaroSP: Dia de entrevistas e reuniÃµes com casas de comÃ©rcio nos EUA.Parcerias + prÃ³ximas c/ EUA poderiam garantir investimeâ€¦ ;0.0
"RT @forumpandlr: Katy Perry deve anunciar os shows da ""Witness Tour"" no Brasil em Novembro https://t.co/11MFu56lh0 https://t.co/XkwazpGgwp";0.0
RT @jefersontweeta: @forumpandlr LOTOU O PACAEMBÃš COM O FESTA DOS SEUS SONHOS AGORA VAI LOTAR O MARACANÃƒ FADAS MILENARES QUE DERAM AO Bâ€¦ ;-0.25
"RT @lemonadie: GENTE PRESTA ATENÃ‡ÃƒO AQUI
ğŸš¨ğŸš¨ğŸš¨ğŸš¨ğŸš¨ğŸš¨ğŸš¨ğŸš¨ğŸš¨
AS FANBASES VÃƒO FAZER MUTIRÃƒO MUNDIAL E DIVIDIRAM POR REGIÃƒO

O BRASIL FICOU COâ€¦ ";0.0
Esse aÃª eu ainda nÃ£o conheÃ§o https://t.co/7kfV56o5KT;0.0
inclusive a ultima que eu comprei no brasil foi a de santa cecÃ­lia gracas a @LostPrincessLex;0.1
RT @EsperandoG: @hamiltonribeiro @ConversaAfiada O maior dos feitos dos regimes militares no Brasil Ã© conseguir a impunidade para tâ€¦ ;-0.25
RT @allanrendeiro: Olha a @gleisi mentindo para todo o Brasil. @ptbrasil e @LulapeloBrasil nunca mais. A mentira acabou. Como podem puâ€¦ ;0.0
"RT @jairbolsonaro: DOUTRINADOS NO BRASIL ğŸ’™ CORÃ‰IA DO NORTE! Ã‰ muito amor! ""Bolsonaro ditador""! Temos que mudar os rumos da educaÃ§Ã£o noâ€¦ ";0.78125
"RT @slowtaehyung: GENTE
Fanbases vÃ£o fazer multirÃ£o mundial 
O brasil ficou no horÃ¡rio de 16hs da tarde Ã s 20hs da noite
ESPALHEM ISSO VAMOâ€¦";-0.1
music bank tambÃ©m https://t.co/McPoWF2PwS;0.0
Protesta Brasil! https://t.co/w28VZAO7V3;0
Cuca, atual campeÃ£o brasileiro, demitido. O Brasil toma um 7 x 1 todo dia.;0.0
RT @MardsonF: @bandjogoaberto Quem Ã© Carille? baba ovo dos gambÃ¡s tÃ©cnico fraco perdeu trÃªs seguida jÃ¡ cair Cuca melhor treinador do Brasilâ€¦;0.3125
RT @reporterbrasil: Unicef alerta que 43 mil jovens podem ser assassinados atÃ© 2021 no Brasil. https://t.co/ecYGl6PxuX ğŸ“¸ABr https://t.co/U5â€¦;-0.05
GetÃºlio-Vargas-depÃµe-o-Brasil-na-Segunda-Guerra-Mundial.pdf https://t.co/cOi6iqqClR;0.0
RT @rrn_oficial: @_FlaDaDepressao @FlaManguaca @ubzoficial @ImperioRubroNeg NÃ£o sÃ³ do RJ como em qualquer uma do Brasil;0.0
Meu Ãºnico grande questionamento Ã© cadÃª aquele clipe dela na laje? O Brasil nÃ£o aguenta mais https://t.co/q3nw0n6Uwv;0.0
I'm at BGS - Brasil Game Show / 2017 in SÃ£o Paulo, SP https://t.co/D9tKfh9y6D;-0.4
JÃ¡ tÃ´ liberando memÃ³ria no meu celular pra quando chegar no Brasil #TheSwiftLife;0.0
"RT @perryorgasm: Katycats: ""Come to Brasil Katy""
""Faltam 1 mÃªs pra venda dos ingressos/ Katy vem em marÃ§o""
Katycats: ""NÃƒO CARALHO, Eâ€¦ ";0.1
RT @Ka_Bral: Adriano Imperador, a sobriedade de um craque que trocou o futebol pela favela | Esportes | EL PAÃS https://t.co/7oAPy8cseW;0.0
RT @ProjetoAnittaBR: #IsThatForMe Ã© a mÃºsica mais comprada no iTunes Brasil. ğŸ’¥ @Anitta @Alesso https://t.co/1pqHV1UHYF;0.5
"RT @rehventura: ""Lula e Dilma destruÃ­ram o Brasil"" diz Doria na ItÃ¡lia, paÃ­s q adotou o Bolsa FamÃ­lia e convidou Lula p/falar sobre combateâ€¦";0.0
RT @turquim5: Vai guerreiro do povo....Lula reforÃ§arÃ¡ caravanas contra caÃ§ada judicial. https://t.co/LSLd6mbIdy via @brasil247;0.0
E aqueles que diziam estar preparados e sÃ³ fez M.E.R.D.H.A no Planalto? O que iremos pensar sobre isso?â€¦ https://t.co/KTUvm2ARIk;0.0
RT @mariadorosario: A polÃ­cia matou seu filho. Ela grita por ele. EntÃ£o, a matam. Ã‘ Ã© essa polÃ­cia q o Brasil precisa. SeguranÃ§a pÃºblicâ€¦ ;-0.1
Maior rivalidade https://t.co/SBW6c31c4R;0.5
RT @globoesportecom: Brasil vence NÃ­ger por 2 a 0 e passa como primeiro do grupo Ã s oitavas do Mundial sub-17. Lincoln deixa o deleâ€¦ ;0.5
RT @sensacionalista: 10 provas de que o Brasil vive uma eterna sexta-feira 13 https://t.co/kPZ22TG6lJ;0.0
RT @deferiascomexbr: HÃ¡ um ano atrÃ¡s comeÃ§ava o De FÃ©rias Com O Ex Brasil... atÃ© que bateu saudade desse povo louco!! ğŸ”ªğŸ’”ğŸŒ´ #ExNaMTV https://â€¦;-0.9375
"RT @SiteAnittaBRA: ""Eu sÃ³ tenho uma coisa a dizer: O BRASIL NÃƒO ESTÃ PREPARADO PARA ESSE BANHO"" Nana Rude via Instagram! ğŸ”¥ https://t.co/rztâ€¦";-0.1875
esmagou a Joanne https://t.co/tLvefnHUxS;0
@rrn_oficial @_FlaDaDepressao @FlaManguaca @ubzoficial @ImperioRubroNeg NÃ£o sÃ³ do Brasil como em qualquer uma do Mundo!;0.0
Povo querendo fazer multirÃ£o pra Gaga trazer a Joanne Tour pro Brasil, agora que ela vai voltar.;0.0
FC Jaime Camil Brasil jÃ¡ saiu! https://t.co/DGvZFVyxMO;0.0
"RT @rehventura: ""Lula e Dilma destruÃ­ram o Brasil"" diz Doria na ItÃ¡lia, paÃ­s q adotou o Bolsa FamÃ­lia e convidou Lula p/falar sobre combateâ€¦";0.0
RT @lauren5h6: @FifthHarmony Ã  brazil costa Rica https://t.co/An0Exat6l8;0
"#Moeda_Nova sem o aval do dÃ³lar.

O golpe praticamente tirou o Brasil do BRICS implantado durante o governo do... https://t.co/hdlhWpv4Cg";0.0
RT @MidiaNINJA: VAMOS FALAR DO BRASIL? Enquanto a crise econÃ´mica, corrupÃ§Ã£o e retrocessos pipocam por todos os lados, MBL gasta teâ€¦ ;0.2
jÃ¡ te assumi pro Brasil.;0.0
@ILoveCabello97 Chamada talento, esss turnÃª no Brasil foi mil vezez melhor do que a do ano passado com aquele climaâ€¦ https://t.co/mbjVO0LNst;0.25
"RT @slowtaehyung: GENTE
Fanbases vÃ£o fazer multirÃ£o mundial 
O brasil ficou no horÃ¡rio de 16hs da tarde Ã s 20hs da noite
ESPALHEM ISSO VAMOâ€¦";-0.1
10 perguntas sobre Nossa Senhora Aparecida que, 300 anos depois, continuam sem respostas definitivas https://t.co/5oYIbH2IHc;0.0
Palmeiras Ã© o time mais zoado do Brasil smc kkkkkk;-0.25
"RT @ottoni3101: Como se recebe um polÃ­tico acusado de corrupÃ§Ã£o.
O Brasil vencerÃ¡ a quadrilha! https://t.co/TWjOmQAf2b";1.0
RT @Masoq_Caa: @Biel Tu ta no Brasil, paga de gringo pros outros na rua tbm? Ou sÃ³ quer mostrar pra nois que apavora nois no inglÃªs.;0.0
RT @stockler_: â€œO Brasil sediou a Copa, a OlimpÃ­ada e agora vai sediar a Idade MÃ©diaâ€. https://t.co/1IppmQOfJm;0.0
"RT @iFutebolCampeao: Brasil no Mundial sub-17:

3 jogos
3 vitÃ³rias
6 gols marcados

ğŸ‡§ğŸ‡· 2x1 ğŸ‡ªğŸ‡¸ 
ğŸ‡§ğŸ‡· 2x0 ğŸ‡°ğŸ‡µ
ğŸ‡§ğŸ‡· 2x0 ğŸ‡³ğŸ‡ª 

Gols: 

âš½âš½âš½ Lincoln
âš½âš½â€¦";0.3
"Concordo plenamente o que era para fazer nÃ£o faz!!! Porque que nÃ£o acaba com a guerra na SÃ­ria??
#ForaONU https://t.co/1kkF9HNolE";0.0
RT @gugachacra: Escrevi aqui outro dia e quase me mataram https://t.co/YMLq5zitxM;-0.2
RT @AuricchioJr: AmanhÃ£, 12/10, Ã© dia da padroeira do Brasil, N.SÂª Aparecida, e das CrianÃ§as. Dia importante para renovar a fÃ© e acrâ€¦ ;0.4
"RT @slowtaehyung: GENTE
Fanbases vÃ£o fazer multirÃ£o mundial 
O brasil ficou no horÃ¡rio de 16hs da tarde Ã s 20hs da noite
ESPALHEM ISSO VAMOâ€¦";-0.1
"Malena no Brasil!!! ğŸ˜ğŸ˜ğŸ˜ğŸ’– - @malenaratner
#soyluna2 #soyluna3 #karolsevilla #ruggeropasquarelliâ€¦ https://t.co/Bl06I2DlSq";0
PolÃ­ticos corruptos buscam proteÃ§Ã£o no governo Temer, o MAIOR corrupto da histÃ³ria do Brasil! Vergonha MUNDIAL;-0.20833333333333334
RT @cmedeiros: no governo Lula, para fugir da crise, portugueses vieram morar no Brasil https://t.co/jMKwDcAJNz;0.13636363636363635
Que concertos vÃ£o ser estes, meu Deus! Quem se atreve a perder?!!!! https://t.co/Y9nVYa4gM4;0.0
"RT @rehventura: ""Lula e Dilma destruÃ­ram o Brasil"" diz Doria na ItÃ¡lia, paÃ­s q adotou o Bolsa FamÃ­lia e convidou Lula p/falar sobre combateâ€¦";0.0
RT @nickyromero: OBRIGADO BRASIL ğŸ‡§ğŸ‡·ğŸ‡§ğŸ‡·ğŸ‡§ğŸ‡· https://t.co/KauzNzBL1T;0.0
RT @MixturandoWeb: InÃªs Brasil lanÃ§a novo clipe em seu canal e tem baixÃ­ssima repercussÃ£o.  https://t.co/x6sjulSNbY;0.06818181818181818
"RT @o_antagonista: MORO DÃ 48 HORAS PARA LULA &gt; https://t.co/UsCDWAJuEV https://t.co/kgtcbzD1Dc";0
RT @gugachacra: Escrevi aqui outro dia e quase me mataram https://t.co/YMLq5zitxM;-0.2
@CaioVeyronXXX @TimKrugerXXX Esse Brasil e Alemanha fico sempre na torcida.;0.0
"TRAGO NOTÃCIAS:

Sabe o cÃ³digo daquele banco nu lÃ¡ pra transferÃªncias e tal? EntÃ£o, ele tÃ¡ cadastrado no Banco Centâ€¦ https://t.co/pDM8AHJw4p";0.0
RT @RaabeBastos: O Brasil respira. BOLSONARO Ã‰ GIGANTE https://t.co/Mn1v1BYCME;0.0
RT @Masoq_Caa: @Biel Tu ta no Brasil, paga de gringo pros outros na rua tbm? Ou sÃ³ quer mostrar pra nois que apavora nois no inglÃªs.;0.0
RT @sorayabborges: MilionÃ¡rios querem repetir o Golpe de 64! https://t.co/oX5kaU4wek via @ConversaAfiada;-0.25
"Os ruivos mais amados desse Brasil
#simpatico https://t.co/yusKztjrmt";0.6
Adore jÃ¡ estÃ¡ no Brasil e morrendo de calor. Quem quer ajudÃ¡-la a apagar o fogo???? https://t.co/2idjqTeliu;0.2
37 graus o que eu tÃ´ fazendo no brasil alguÃ©m me explica;0.0
RT @MixturandoWeb: InÃªs Brasil lanÃ§a novo clipe em seu canal e tem baixÃ­ssima repercussÃ£o.  https://t.co/x6sjulSNbY;0.06818181818181818
@Palmeiras @squaresport1 o brasil inteiro jÃ¡ sabia,sÃ³ vcs que nÃ£o,deu nos dono da bola antes.;0.1
"RT @o_antagonista: MORO DÃ 48 HORAS PARA LULA &gt; https://t.co/UsCDWAJuEV https://t.co/kgtcbzD1Dc";0
RT @MixturandoWeb: InÃªs Brasil lanÃ§a novo clipe em seu canal e tem baixÃ­ssima repercussÃ£o.  https://t.co/x6sjulSNbY;0.06818181818181818
"RT @rehventura: ""Lula e Dilma destruÃ­ram o Brasil"" diz Doria na ItÃ¡lia, paÃ­s q adotou o Bolsa FamÃ­lia e convidou Lula p/falar sobre combateâ€¦";0.0
RT @MixturandoWeb: InÃªs Brasil lanÃ§a novo clipe em seu canal e tem baixÃ­ssima repercussÃ£o.  https://t.co/x6sjulSNbY;0.06818181818181818
Mas Ã© fato histÃ³rico mesmo: o calor deixa o pessoal mais nervoso. O Ã­ndice de homicÃ­dios na colonizaÃ§Ã£o do Brasil se deu por causa do clima.;0.125
"PARA QUEM RECLAMA DO BRASIL...
CONTUDO, AINDA PREFIRO SER BRASILEIRO.
VEJA PORQUE! https://t.co/2xE9WoDzVD";0.0
RT @mdenser: O Brasil eâ€™ governado por uma esmagadora minoria. (Verissimo)ğŸ˜;0.5
RT @GolDePlacaRJ: Com gols de Lincoln e Paulinho, joias da base de Flamengo e Vasco, Brasil vence a Espanha por 2x1, de virada, na esâ€¦ ;-0.8
Pop Brasil vulgo diva pop https://t.co/8Lda8t0KX9;0
Volkswagen lanÃ§a caminhÃ£o elÃ©trico desenvolvido no Brasil https://t.co/HCSiVYrB81;0.1
RT @MixturandoWeb: InÃªs Brasil lanÃ§a novo clipe em seu canal e tem baixÃ­ssima repercussÃ£o.  https://t.co/x6sjulSNbY;0.06818181818181818
"RT @BrasilGameShow: Ã‰ AGORA!
@HIDEO_KOJIMA_EN deixarÃ¡ sua marca no Wall of Fame da Brasil Game Show! Ã‰ lÃ¡ no palco principal! https://t.co/â€¦";-0.14583333333333334
"RT @paulocnf: Quem foi mais importante para a educaÃ§Ã£o infantil no Brasil?
RT: Havaianas
Fav: Paulo Freire https://t.co/xfvGtwrplB";0.45
RT @MixturandoWeb: InÃªs Brasil lanÃ§a novo clipe em seu canal e tem baixÃ­ssima repercussÃ£o.  https://t.co/x6sjulSNbY;0.06818181818181818
"RT @slowtaehyung: GENTE
Fanbases vÃ£o fazer multirÃ£o mundial 
O brasil ficou no horÃ¡rio de 16hs da tarde Ã s 20hs da noite
ESPALHEM ISSO VAMOâ€¦";-0.1
RT @folha_poder: 'Battisti quebrou a confianÃ§a do Brasil', diz ministro da JustiÃ§a sobre decisÃ£o de extraditar italiano https://t.co/wZPTQyâ€¦;0.0
RT @outerheaven: SÃ£o Paulo, 13 de outubro de 2017. Uma sexta-feira, a caminho da Brasil Game Show... https://t.co/NyW68fCxxw;-0.4
RT @AdrianoArgolo: AtenÃ§Ã£o todo mundo! Precisamos resgatar esse exemplar para reproduzir e distribuir no Brasil inteiro. Milicos foramâ€¦ ;0.0
Na cidade com mais feminicÃ­dios no Brasil, 89% das vÃ­timas sÃ£o pretas e pardas | Orgulho de HortolÃ¢ndia https://t.co/TEGuxCzoZp;0.16666666666666669
Vamos falar da Tekpix, a filmadora maaaais vendida do Brasil..;0.0
no brasil Ã© sÃ³ daqui a alguns anos quando ngm mais estiver usando;0.09999999999999999
RT @TechTudo: A maior feira de jogos da AmÃ©rica Latina Ã© aqui, no Brasil! Vem ver a #BGS10 ğŸ®ğŸ–±ï¸ğŸ‡§ğŸ‡·Â https://t.co/0SfpYOVuzi;0.2375
RT @woodstock_59: PT prova perseguiÃ§Ã£o a filho de Lula e delegado deve ser afastado do caso | Brasil 24/7 https://t.co/HJuaS91j0L viaâ€¦ ;0.0
"RT @ottoni3101: Como se recebe um polÃ­tico acusado de corrupÃ§Ã£o.
O Brasil vencerÃ¡ a quadrilha! https://t.co/TWjOmQAf2b";1.0
"Eu sempre tenho a impressÃ£o de que o Brasil Ã© um paÃ­s pensado pra bandido.
Tudo pra bandido aqui funciona que Ã© umaâ€¦ https://t.co/xOHotieqNJ";0.0
"RT @lemonadie: GENTE PRESTA ATENÃ‡ÃƒO AQUI
ğŸš¨ğŸš¨ğŸš¨ğŸš¨ğŸš¨ğŸš¨ğŸš¨ğŸš¨ğŸš¨
AS FANBASES VÃƒO FAZER MUTIRÃƒO MUNDIAL E DIVIDIRAM POR REGIÃƒO

O BRASIL FICOU COâ€¦ ";0.0
Unrumnmn Hahahahahhahaha um amor q custou 45 mil, Ã± Ã© mesmo? Golpista! Nunca esqueceremos q vc Ã© 1 dos resp. do PaÃ­â€¦ https://t.co/nZjtGINmDG;0.375
"RT @slowtaehyung: GENTE
Fanbases vÃ£o fazer multirÃ£o mundial 
O brasil ficou no horÃ¡rio de 16hs da tarde Ã s 20hs da noite
ESPALHEM ISSO VAMOâ€¦";-0.1
RT @MixturandoWeb: InÃªs Brasil lanÃ§a novo clipe em seu canal e tem baixÃ­ssima repercussÃ£o.  https://t.co/x6sjulSNbY;0.06818181818181818
@RogerioB1980 Desde janeiro de 2018 eu escuto q o time estÃ¡ evoluindo, foi Paulista, Sula, e copa do Brasil e agora no brasileiro.;0.0
RT @AlmirSouzaSant5: O QUE ESTÃ ERRADO NO BRASIL. https://t.co/vlZVs4Rvaq;-0.5
No Brasil, vocÃªs tem que entender que nÃ£o dÃ¡ pra ter tÃ©cnico a longo prazo. Cuca foi bom em 2016, hoje Ã© pÃ©ssimo.;0.19999999999999998
